Workbook

Sheet ClassSE21##
A1: No. | B1: Enrollment | C1: Student Name | D1: Total | E1: LOCs | F1: =Rubrics!C6 -> Decomposition – phân rã yêu cầu thành các module/class/function hợp lý | G1: =Rubrics!C7 -> Pattern Recognition – nhận diện và tái sử dụng các mẫu xử lý CRUD, validation, tìm kiếm/sắp xếp | H1: =Rubrics!C8 -> Abstraction – mô hình hóa Car, Insurance Statement và các dữ liệu/quan hệ cần thiết | I1: =Rubrics!C9 -> Algorithm Design – thiết kế đúng thuật toán tìm kiếm, cập nhật, xóa, tính phí và sắp xếp | J1: =Rubrics!C10 -> Định nghĩa class rõ ràng cho Car, Insurance Statement và các thành phần quản lý | K1: =Rubrics!C11 -> Sử dụng Map<Key, Value> phù hợp để quản lý collection và định danh đối tượng | L1: =Rubrics!C12 -> Encapsulation – thuộc tính private và phương thức truy cập/cập nhật hợp lý | M1: =Rubrics!C13 -> Constructor, toString(), equals()/hashCode() hoặc cơ chế tương đương phù hợp với mô hình dữ liệu | N1: =Rubrics!C14 -> Inheritance / interface / polymorphism được áp dụng hợp lý khi cần, không lạm dụng | O1: =Rubrics!C15 -> Thêm xe: nhập đủ thông tin; kiểm tra null, license plate duy nhất, owner 2–35 ký tự, ngày hợp lệ, value > 999, vehicle type ∈ {5,7,9} | P1: =Rubrics!C16 -> Tìm xe theo license plate; thông báo “Unregistered vehicle” nếu không tồn tại và hiển thị thông tin nếu tìm thấy | Q1: =Rubrics!C17 -> Cập nhật xe theo license plate; không cho đổi license plate; kiểm tra dữ liệu và báo thành công/thất bại | R1: =Rubrics!C18 -> Xóa xe theo license plate; xác nhận trước khi xóa; không cho xóa xe đã có bảo hiểm; báo kết quả | S1: =Rubrics!C19 -> Thêm insurance statement; kiểm tra null, insurance ID duy nhất, ngày hợp lệ, period 12/24/36 và tính insurance fee đúng công thức | T1: =Rubrics!C20 -> Liệt kê insurance statements theo năm; cho chọn trường sắp xếp và ASC/DESC; hiển thị report đúng yêu cầu | U1: =Rubrics!C21 -> Báo cáo các xe chưa có bảo hiểm; cho chọn trường sắp xếp và ASC/DESC; hiển thị report đúng yêu cầu | V1: =Rubrics!C22 -> Lưu collection xe vào carInfo.dat và collection insurance statements vào insurances.dat | W1: =Rubrics!C23 -> Nạp dữ liệu từ carInfo.dat và insurances.dat; phục hồi dữ liệu đúng và xử lý lỗi đọc file phù hợp | X1: =Rubrics!C24 -> Thoát chương trình; yêu cầu xác nhận trước khi thoát và lưu dữ liệu khi có thay đổi | Y1: =Rubrics!C25 -> Đặt tên biến, class, method rõ ràng và nhất quán; cấu trúc package/project hợp lý | Z1: =Rubrics!C26 -> Code rõ ràng, dễ đọc, hạn chế lặp code; có xử lý exception/input validation phù hợp | AA1: =Rubrics!C27 -> Báo cáo, diagram/flow-chart và phần trình bày đáp ứng yêu cầu; giải thích được cách chương trình hoạt động
A2: Cho điểm theo dòng màu xanh trang tính sẽ chuyển thành LOCs. KHÔNG SỬA GIÁ TRỊ DÒNG 2 VÀ 3 | D2: =SUM(F2:AA2) -> 100 | F2: =Rubrics!D6 -> 8 | G2: =Rubrics!D7 -> 6 | H2: =Rubrics!D8 -> 8 | I2: =Rubrics!D9 -> 8 | J2: =Rubrics!D10 -> 10 | K2: =Rubrics!D11 -> 8 | L2: =Rubrics!D12 -> 6 | M2: =Rubrics!D13 -> 8 | N2: =Rubrics!D14 -> 8 | O2: =Rubrics!D15 -> 3 | P2: =Rubrics!D16 -> 2 | Q2: =Rubrics!D17 -> 2 | R2: =Rubrics!D18 -> 1.5 | S2: =Rubrics!D19 -> 2.5 | T2: =Rubrics!D20 -> 1.5 | U2: =Rubrics!D21 -> 2 | V2: =Rubrics!D22 -> 2 | W2: =Rubrics!D23 -> 2 | X2: =Rubrics!D24 -> 1.5 | Y2: =Rubrics!D25 -> 4 | Z2: =Rubrics!D26 -> 4 | AA2: =Rubrics!D27 -> 2
E3: 300 | F3: =F2*$E$3/$D$2 -> 24 | G3: =G2*$E$3/$D$2 -> 18 | H3: =H2*$E$3/$D$2 -> 24 | I3: =I2*$E$3/$D$2 -> 24 | J3: =J2*$E$3/$D$2 -> 30 | K3: =K2*$E$3/$D$2 -> 24 | L3: =L2*$E$3/$D$2 -> 18 | M3: =M2*$E$3/$D$2 -> 24 | ... AA3: =AA2*$E$3/$D$2 -> 6
A4: 1 | B4: SE1678953 | C4: Nguyễn Văn A | D4: =SUM(F4:AA4) -> 100 | E4: =D4*$E$3/$D$2 -> 300 | F4: 8 | G4: 6 | H4: 8 | I4: 8 | J4: 10 | K4: 8 | L4: 6 | M4: 8 | N4: 8 | O4: 3 | P4: 2 | Q4: 2 | R4: 1.5 | S4: 2.5 | T4: 1.5 | U4: 2 | V4: 2 | W4: 2 | X4: 1.5 | Y4: 4 | Z4: 4 | AA4: 2
A5: 2 | B5: SE1678954 | C5: Lê Thành B | D5: =SUM(F5:AA5) -> 67 | E5: =D5*$E$3/$D$2 -> 201 | F5: 5 | G5: 4 | H5: 4 | I5: 5 | J5: 6 | K5: 5 | L5: 4 | M5: 5 | N5: 5 | O5: 2 | P5: 1 | Q5: 1.5 | R5: 1.5 | S5: 2 | T5: 1.5 | U5: 2 | V5: 2 | W5: 1 | X5: 1.5 | Y5: 4 | Z5: 3 | AA5: 1
A6: 3 | B6: SE1678955 | C6: Nguyễn Thị C | D6: =SUM(F6:AA6) -> 0 | E6: =D6*$E$3/$D$2 -> 0
A7: 4 | B7: SE1678956 | C7: Trần Văn D | D7: =SUM(F7:AA7) -> 0 | E7: =D7*$E$3/$D$2 -> 0
A8: 5 | B8: SE1678957 | C8: Lý Văn E | D8: =SUM(F8:AA8) -> 0 | E8: =D8*$E$3/$D$2 -> 0
A9: 6 | B9: SE1678958 | C9: Mai Văn G | D9: =SUM(F9:AA9) -> 0 | E9: =D9*$E$3/$D$2 -> 0
A10: 7 | D10: =SUM(F10:AA10) -> 0 | E10: =D10*$E$3/$D$2 -> 0
A11: 8 | D11: =SUM(F11:AA11) -> 0 | E11: =D11*$E$3/$D$2 -> 0
A12: 9 | D12: =SUM(F12:AA12) -> 0 | E12: =D12*$E$3/$D$2 -> 0
A13: 10 | D13: =SUM(F13:AA13) -> 0 | E13: =D13*$E$3/$D$2 -> 0
A14: 11 | D14: =SUM(F14:AA14) -> 0 | E14: =D14*$E$3/$D$2 -> 0
A15: 12 | D15: =SUM(F15:AA15) -> 0 | E15: =D15*$E$3/$D$2 -> 0
A16: 13 | D16: =SUM(F16:AA16) -> 0 | E16: =D16*$E$3/$D$2 -> 0
A17: 14 | D17: =SUM(F17:AA17) -> 0 | E17: =D17*$E$3/$D$2 -> 0
A18: 15 | D18: =SUM(F18:AA18) -> 0 | E18: =D18*$E$3/$D$2 -> 0
A19: 16 | D19: =SUM(F19:AA19) -> 0 | E19: =D19*$E$3/$D$2 -> 0
A20: 17 | D20: =SUM(F20:AA20) -> 0 | E20: =D20*$E$3/$D$2 -> 0
A21: 18 | D21: =SUM(F21:AA21) -> 0 | E21: =D21*$E$3/$D$2 -> 0
... A38: 35 | D38: =SUM(F38:AA38) -> 0 | E38: =D38*$E$3/$D$2 -> 0

Sheet Rubrics
A3: Rubric đánh giá Car Insurance Management Project - 300LOC
A5: Stt | B5: Hạng mục | C5: Tiêu chí | D5: Điểm tối đa (Thang 100) | E5: Điểm đạt | F5: Nhận xét | G5: 300 LOCs
A6: 1 | B6: Computational Thinking (CT) | C6: Decomposition – phân rã yêu cầu thành các module/class/function hợp lý | D6: 8 | G6: =D6*$G$28/$D$28 -> 24
A7: 2 | B7: Computational Thinking (CT) | C7: Pattern Recognition – nhận diện và tái sử dụng các mẫu xử lý CRUD, validation, tìm kiếm/sắp xếp | D7: 6 | G7: =D7*$G$28/$D$28 -> 18
A8: 3 | B8: Computational Thinking (CT) | C8: Abstraction – mô hình hóa Car, Insurance Statement và các dữ liệu/quan hệ cần thiết | D8: 8 | G8: =D8*$G$28/$D$28 -> 24
A9: 4 | B9: Computational Thinking (CT) | C9: Algorithm Design – thiết kế đúng thuật toán tìm kiếm, cập nhật, xóa, tính phí và sắp xếp | D9: 8 | G9: =D9*$G$28/$D$28 -> 24
A10: 5 | B10: Áp dụng OOP | C10: Định nghĩa class rõ ràng cho Car, Insurance Statement và các thành phần quản lý | D10: 10 | G10: =D10*$G$28/$D$28 -> 30
A11: 6 | B11: Áp dụng OOP | C11: Sử dụng Map<Key, Value> phù hợp để quản lý collection và định danh đối tượng | D11: 8 | G11: =D11*$G$28/$D$28 -> 24
A12: 7 | B12: Áp dụng OOP | C12: Encapsulation – thuộc tính private và phương thức truy cập/cập nhật hợp lý | D12: 6 | G12: =D12*$G$28/$D$28 -> 18
A13: 8 | B13: Áp dụng OOP | C13: Constructor, toString(), equals()/hashCode() hoặc cơ chế tương đương phù hợp với mô hình dữ liệu | D13: 8 | G13: =D13*$G$28/$D$28 -> 24
A14: 9 | B14: Áp dụng OOP | C14: Inheritance / interface / polymorphism được áp dụng hợp lý khi cần, không lạm dụng | D14: 8 | G14: =D14*$G$28/$D$28 -> 24
A15: 10 | B15: Chức năng 1 – Add car | C15: Thêm xe: nhập đủ thông tin; kiểm tra null, license plate duy nhất, owner 2–35 ký tự, ngày hợp lệ, value > 999, vehicle type ∈ {5,7,9} | D15: 3 | G15: =D15*$G$28/$D$28 -> 9
A16: 11 | B16: Chức năng 2 – Find car | C16: Tìm xe theo license plate; thông báo “Unregistered vehicle” nếu không tồn tại và hiển thị thông tin nếu tìm thấy | D16: 2 | G16: =D16*$G$28/$D$28 -> 6
A17: 12 | B17: Chức năng 3 – Update car | C17: Cập nhật xe theo license plate; không cho đổi license plate; kiểm tra dữ liệu và báo thành công/thất bại | D17: 2 | G17: =D17*$G$28/$D$28 -> 6
... A27: 22 | B27: Code style & báo cáo | C27: Báo cáo, diagram/flow-chart và phần trình bày đáp ứng yêu cầu; giải thích được cách chương trình hoạt động | D27: 2 | G27: =D27*$G$28/$D$28 -> 6
C28: TỔNG | D28: =SUM(D6:D27) -> 100 | G28: 300
